layer_id,name,D,M,N,Q,alpha,alpha_weighted,entropy,has_esd,lambda_max,layer_type,log_alpha_norm,log_norm,log_spectral_norm,longname,matrix_rank,norm,num_evals,num_pl_spikes,rank_loss,rf,sigma,spectral_norm,stable_rank,status,sv_max,sv_min,warning,weak_rank_loss,xmax,xmin
3,Conv2d,0.1389916083161854,3,128,42.666666666666664,3.4780915747006294,1.6138101840985668,0.9812641667591799,True,2.910670280456543,conv2d,2.352615707562833,1.6335406034121212,0.46399301152312894,encoder.initial.0,27,43.007144033908844,27,23,0,9,0.5167178126784755,2.910670280456543,14.775683911254664,success,1.7060686349868774,1.186983585357666,,0,2.910670280456543,1.1053333282470703
8,Conv2d,0.042496454333873224,128,128,1.0,1.5876651830214186,2.110818462952022,0.7851792387585419,True,21.355566024780273,conv2d,3.5387243435310873,2.966059570511402,1.3295110867991782,encoder.downsample_blocks.0.0,1152,924.8250199458604,1152,447,0,9,0.02779560936694204,21.355566024780273,43.306041098265666,success,4.621208190917969,0.0029612251091748476,over-trained,4,21.355566024780273,0.096370629966259
11,Conv2d,0.053148591197915984,128,128,1.0,1.599121355763537,2.1956644871544966,0.8946297193075601,True,23.60719108581543,conv2d,3.6951814837339985,3.188890613621693,1.3730443153928904,encoder.downsample_blocks.0.3,2048,1544.8652830820338,2048,711,1,16,0.022468806285198387,23.60719108581543,65.44045318505844,success,4.858723163604736,0.003368137404322624,over-trained,8,23.60719108581543,0.14821667969226837
14,Conv2d,0.07696600135820786,128,128,1.0,1.5359174197111676,2.3072447140132564,0.8413107948128977,True,31.78287696838379,conv2d,3.4426152836640185,3.0025194993522413,1.5021932067461925,encoder.downsample_blocks.0.6,1152,1005.8182221376038,1152,533,0,9,0.023213160236407227,31.78287696838379,31.64654424261679,success,5.637630462646484,0.0032874555326998234,over-trained,4,31.78287696838379,0.09830696880817413
18,Conv2d,0.07720011761500617,128,128,1.0,1.5106749209211106,2.305072885929067,0.8365744191271681,True,33.56265640258789,conv2d,3.456225712875392,3.0200857907904304,1.525856326868513,encoder.downsample_blocks.1.0,1152,1047.3354188795124,1152,587,0,9,0.021077809724686515,33.56265640258789,31.205379166553584,success,5.793328762054443,0.005273713264614344,over-trained,3,33.56265640258789,0.07579264789819717
21,Conv2d,0.07262045519508054,128,128,1.0,2.103527996903299,3.31889978923624,0.8923462327671909,True,37.82490158081055,conv2d,4.360609523943821,3.2253337464278915,1.5777778066762818,encoder.downsample_blocks.1.3,2048,1680.094640523392,2048,178,0,16,0.08271292033731495,37.82490158081055,44.41768703439914,success,6.150195121765137,0.0023868554271757603,,9,37.82490158081055,2.2085235118865967
24,Conv2d,0.0783450708148623,128,128,1.0,1.9481000515054303,3.1314636096946145,0.8238182142746127,True,40.499061584472656,conv2d,3.9693429012466006,3.0101407480787024,1.6074449601675838,encoder.downsample_blocks.1.6,1152,1023.6246793491226,1152,150,0,9,0.07741204504315848,40.499061584472656,25.27526908775537,success,6.363887310028076,0.0024563686456531286,over-trained,3,40.499061584472656,1.355059266090393
28,Conv2d,0.06917772707133407,128,128,1.0,2.102503707448398,3.199331189707823,0.8469566766200977,True,33.2412109375,conv2d,4.076114099091675,3.0239968764548055,1.5216768362280495,encoder.downsample_blocks.2.0,1152,1056.8099083678749,1152,127,1,9,0.09783138414597349,33.2412109375,31.792160350442252,success,5.765519142150879,0.003764950903132558,,2,33.2412109375,1.9604336023330688
31,Conv2d,0.07005142522270735,128,128,1.0,3.8191822353014833,5.9746611271470185,0.9175339652065929,True,36.676029205322266,conv2d,6.6330485838504645,3.2481222225493696,1.5643823098887513,encoder.downsample_blocks.2.3,2048,1770.6071863274103,2048,41,1,16,0.44028229513656203,36.676029205322266,48.276959766147954,success,6.0560736656188965,0.0038427640683948994,,4,36.676029205322266,9.89673900604248
34,Conv2d,0.06211193074424548,128,128,1.0,3.2128438796850514,5.4359774455472065,0.8593102198450815,True,49.198509216308594,conv2d,5.6108472021843365,3.0140190098145823,1.6919519432360606,encoder.downsample_blocks.2.6,1152,1032.8066124893942,1152,42,0,9,0.3414492235785157,49.198509216308594,20.99264040600307,success,7.014164924621582,0.0034406862687319517,,5,49.198509216308594,6.354146957397461
42,Conv2d,0.03996334071947072,128,256,2.0,1.8371617435292709,3.1265960636420567,0.8417872383349142,True,50.334083557128906,conv2d,3.8894272968004624,3.0194796544403086,1.7018621657316486,encoder.residual_stack.stack.0.res_block.1,1152,1045.8746928237379,1152,357,0,9,0.04430729795622822,50.334083557128906,20.7786576989462,success,7.094651699066162,0.1064784824848175,over-trained,0,50.334083557128906,0.38622328639030457
44,Conv2d,0.05169051944616898,128,256,2.0,1.9279044555368907,2.6411371745216723,0.7288424999614581,True,23.439714431762695,conv2d,2.753153699637322,1.943901806585686,1.3699523163279155,encoder.residual_stack.stack.0.res_block.3,128,87.88237934559584,128,57,0,1,0.1229039475623434,23.439714431762695,3.7492939430400294,success,4.841457843780518,0.13620097935199738,over-trained,0,23.439714431762695,0.24281999468803406
48,Conv2d,0.037796397770354484,128,256,2.0,2.6994993880533684,3.4319961115304567,0.9533441255618433,True,18.678646087646484,conv2d,4.41923339375226,3.0398557924462613,1.2713453934158132,encoder.residual_stack.stack.1.res_block.1,1152,1096.114170819521,1152,148,0,9,0.1396979891610241,18.678646087646484,58.682742082921045,success,4.321879863739014,0.2015598863363266,,0,18.678646087646484,1.7769066095352173
50,Conv2d,0.07995813393380602,128,256,2.0,2.236486715370443,2.5653500420755204,0.8172383928679369,True,14.02957820892334,conv2d,2.776743098157678,1.9744872176812933,1.1470446144146247,encoder.residual_stack.stack.1.res_block.3,128,94.29468578845263,128,33,0,1,0.21524470903204687,14.02957820892334,6.721134761448328,success,3.745607852935791,0.15585795044898987,,0,14.02957820892334,0.7193447947502136
54,Conv2d,0.028642354269371118,128,256,2.0,2.444088901314398,3.5639557026480153,0.9257509922117737,True,28.720630645751953,conv2d,4.468769582921903,3.061007405278865,1.458193971885134,encoder.residual_stack.stack.2.res_block.1,1152,1150.820011736825,1152,194,0,9,0.10367954084679977,28.720630645751953,40.06945480868269,success,5.359163284301758,0.19753354787826538,,0,28.720630645751953,1.3693233728408813
56,Conv2d,0.048518721241130824,128,256,2.0,1.8098648767917873,2.895815238489577,0.6529102379814127,True,39.81230926513672,conv2d,2.975890697940672,2.0501275796216905,1.600017369044021,encoder.residual_stack.stack.2.res_block.3,128,112.23481101542711,128,66,0,1,0.09968747517609469,39.81230926513672,2.819098240897825,success,6.309699535369873,0.12512730062007904,over-trained,0,39.81230926513672,0.1809728890657425
58,Conv2d,0.07952101205339035,64,128,2.0,1.6466868950094602,2.2193483226321145,0.829978575164888,True,22.2723388671875,conv2d,2.9991597451726575,2.5887775498804815,1.3477658256455392,encoder.compress.0,576,387.95160227268934,576,312,0,9,0.036611435975074456,22.2723388671875,17.418538959293365,success,4.719357967376709,0.12274909019470215,over-trained,0,22.2723388671875,0.11455343663692474
61,Conv2d,0.07353491558577285,16,64,4.0,1.5016097479842938,0.9544260278678526,0.5726078206424893,True,4.321175575256348,conv2d,1.3135260988148623,1.2150139785770222,0.6356019126467708,encoder.compress.3,144,16.406425794877578,144,120,0,9,0.045790495672579874,4.321175575256348,3.7967505622365945,success,2.0787436962127686,0.038026031106710434,over-trained,0,4.321175575256348,0.0019046947127208114
68,Conv2d,0.07787845586700959,16,64,4.0,1.8795747367515492,2.017196183117544,0.8045800907722321,True,11.836395263671875,conv2d,2.6708711035328156,2.1048909720337843,1.0732194595272357,decoder.expand.0,144,127.31834130734205,144,115,0,9,0.08202076712275279,11.836395263671875,10.75651315042731,success,3.440406322479248,0.3235292136669159,over-trained,0,11.836395263671875,0.1571035087108612
71,Conv2d,0.07556883987422158,64,128,2.0,3.800424832207157,5.37588493837393,0.900706125788535,True,25.974573135375977,conv2d,5.656285590132849,2.9214460121598567,1.4145484191176068,decoder.expand.3,576,834.5377991031855,576,33,0,9,0.48749139047075035,25.974573135375977,32.12902844461339,success,5.0965256690979,0.22095143795013428,,0,25.974573135375977,6.017704010009766
76,Conv2d,0.06559844257988706,128,512,4.0,3.0608351355637935,7.032575837411777,0.9409445982069664,True,198.4268035888672,conv2d,7.30673397305938,3.80430673192995,2.297600336489997,decoder.upsample_blocks.0.0,1152,6372.454333990812,1152,71,0,9,0.24457613394485533,198.4268035888672,32.114886793188965,success,14.086404800415039,0.4301183819770813,,0,198.4268035888672,20.01933479309082
81,Conv2d,0.04522856437609357,128,512,4.0,2.4877204350993036,4.527157882146037,0.9770768184927984,True,66.0391845703125,conv2d,5.717670705595374,3.7816968344675472,1.8198017021013553,decoder.upsample_blocks.1.0,1152,6049.18455272913,1152,246,0,9,0.09485359049677734,66.0391845703125,91.59992801377658,success,8.126449584960938,0.6615704298019409,,0,66.0391845703125,6.582643032073975
86,Conv2d,0.04133183575391586,128,512,4.0,2.266736973458568,4.469444738055022,0.9391081777117203,True,93.70282745361328,conv2d,5.589522833911571,3.764506343814503,1.9717526957861287,decoder.upsample_blocks.2.0,1152,5814.419254690409,1152,192,0,9,0.09141886657734451,93.70282745361328,62.05169483886474,success,9.680022239685059,0.5778446793556213,,0,93.70282745361328,7.018842697143555
95,Conv2d,0.048693843342375864,128,256,2.0,1.962292381377214,3.4939661790371646,0.9040015586577743,True,60.3327751159668,conv2d,4.608263999435996,3.4498820925640574,1.780553301942171,decoder.residual_stack.stack.0.res_block.1,1152,2817.617866974324,1152,331,0,9,0.05289237282911732,60.3327751159668,46.70128071447942,success,7.7674174308776855,0.2414749413728714,over-trained,0,60.3327751159668,1.6098895072937012
97,Conv2d,0.03469299185124908,128,256,2.0,1.8615221346995332,3.2106717920987617,0.763190404669048,True,53.05864715576172,conv2d,3.7645077512762644,2.6365185678560397,1.724756172516312,decoder.residual_stack.stack.0.res_block.3,128,433.0305811613798,128,63,0,1,0.10854158654249785,53.05864715576172,8.16135737291139,success,7.284136772155762,0.29276689887046814,over-trained,0,53.05864715576172,0.998251736164093
101,Conv2d,0.029271777063115012,128,256,2.0,2.49743551478932,3.8825958370075746,0.9323004894322969,True,35.861881256103516,conv2d,4.783313961268178,3.174420303267744,1.5546330682076108,decoder.residual_stack.stack.1.res_block.1,1152,1494.239811487496,1152,188,0,9,0.10921170931669476,35.861881256103516,41.666520526811006,success,5.988479137420654,0.22801396250724792,,0,35.861881256103516,1.8644133806228638
103,Conv2d,0.06809600920369807,128,256,2.0,2.2761727060504384,2.767376476772111,0.8676590011572682,True,16.436241149902344,conv2d,3.2321562816145852,2.277166661866851,1.2158025045357819,decoder.residual_stack.stack.1.res_block.3,128,189.30699507892132,128,45,0,1,0.19024059478390914,16.436241149902344,11.517657434713781,success,4.054163455963135,0.26239141821861267,,0,16.436241149902344,1.162363052368164
107,Conv2d,0.034653476235874114,128,256,2.0,2.515960083483745,3.7231190657215536,0.943447730907764,True,30.185649871826172,conv2d,4.660106678753087,3.197224799250187,1.4798005302875497,decoder.residual_stack.stack.2.res_block.1,1152,1574.7977994307876,1152,147,0,9,0.12503428032572397,30.185649871826172,52.17041230245726,success,5.494146823883057,0.243711456656456,,0,30.185649871826172,2.498479127883911
109,Conv2d,0.042510260314866155,128,256,2.0,1.997330642034964,3.188244431408196,0.7893530099261448,True,39.46868896484375,conv2d,3.404501695519697,2.344059171820526,1.5962527006344225,decoder.residual_stack.stack.2.res_block.3,128,220.83055900782347,128,63,0,1,0.12565185017756644,39.46868896484375,5.595082198056429,success,6.282411098480225,0.2598402202129364,over-trained,0,39.46868896484375,0.6539998054504395
111,Conv2d,0.04001755495301129,128,128,1.0,1.5737680000863161,3.170437087186392,0.7801265223682393,True,103.40743255615234,conv2d,3.847590323261356,3.1248820032375346,2.014551755412808,decoder.final.0,1152,1333.1591668244982,1152,568,0,9,0.02407477048298048,103.40743255615234,12.89229539763078,success,10.168944358825684,0.00508791534230113,over-trained,5,103.40743255615234,0.09576337784528732
114,Conv2d,0.06914466469605246,64,128,2.0,1.7888574767544867,2.9074614033147954,0.7818855568111415,True,42.20049285888672,conv2d,3.7788190099889527,2.867992784370727,1.6253175231096582,decoder.final.3,576,737.8919702470303,576,203,0,9,0.05536694068970417,42.20049285888672,17.485387498066686,success,6.496190547943115,0.13759654760360718,over-trained,0,42.20049285888672,0.4479791224002838
117,Conv2d,0.13085679530651217,3,64,21.333333333333332,2.2220268405375556,0.13813538479719795,0.9184274611344844,True,1.1538952589035034,conv2d,0.606907148564762,0.9294703698872848,0.06216638893694914,decoder.final.6,27,8.501006923615932,27,26,0,9,0.23965918100135133,1.1538952589035034,7.367225801494384,success,1.074195146560669,0.3586709797382355,,0,1.1538952589035034,0.11049243062734604
123,Conv2d,0.11403490847912723,3,64,21.333333333333332,2.7172719461474086,2.3417209338140013,0.8907841468767487,True,7.274299144744873,conv2d,2.814404077030862,1.7352745533372198,0.8617911568012655,lpips_loss.net.slice1.0,27,54.35938733816147,27,15,0,9,0.44339770988920757,7.274299144744873,7.47280064464107,success,2.6970908641815186,0.7475370764732361,,0,7.274299144744873,1.5133637189865112
125,Conv2d,0.07460870556729693,64,64,1.0,2.7819689469593203,0.9773456609892764,0.8296799350315064,True,2.245506763458252,conv2d,1.6156155408036343,1.7598805491331657,0.3513143674941127,lpips_loss.net.slice1.2,576,57.5281686771762,576,50,0,9,0.2520084652517573,2.245506763458252,25.6192364295436,success,1.4985015392303467,0.003003364196047187,,4,2.245506763458252,0.3511876165866852
129,Conv2d,0.06943390318151027,64,128,2.0,6.34521078915753,2.6126613311316764,0.8783557806230041,True,2.580793619155884,conv2d,2.7132611550660246,1.9591317258774401,0.4117532762813962,lpips_loss.net.slice2.5,576,91.01893003238365,576,17,0,9,1.2964040396992722,2.580793619155884,35.26780652152797,success,1.6064848899841309,0.0591391958296299,under-trained,0,2.580793619155884,1.0895333290100098
131,Conv2d,0.09229252604090676,128,128,1.0,8.138423831018729,0.22248714673806777,0.9349748394356008,True,1.0649712085723877,conv2d,0.8558192029119869,2.0388924151588,0.027337866810288484,lpips_loss.net.slice2.7,1152,109.36854014074895,1152,21,0,9,1.5577317880152373,1.0649712085723877,102.6962412320605,success,1.0319744348526,0.0019137202762067318,under-trained,7,1.0649712085723877,0.7066966891288757
135,Conv2d,0.06800296619523127,128,256,2.0,3.8985206378579336,1.0992874421272345,0.953035953027838,True,1.9141480922698975,conv2d,1.8632033184127437,2.173677770943685,0.2819755348868038,lpips_loss.net.slice3.10,1152,149.16872268985026,1152,49,0,9,0.41407437683684767,1.9141480922698975,77.92956213380447,success,1.383527398109436,0.0621248260140419,,0,1.9141480922698975,0.6034135818481445
137,Conv2d,0.07682500565773537,256,256,1.0,3.5324393576580504,0.7354862623286906,1.0128467471245677,True,1.6151362657546997,conv2d,1.4753412221950462,2.2505399552538052,0.20820916875309248,lpips_loss.net.slice3.12,2304,178.04917072179063,2304,103,0,9,0.24952866442760532,1.6151362657546997,110.23786320505542,success,1.270880103111267,0.0010352650424465537,,10,1.6151362657546997,0.3714260756969452
139,Conv2d,0.05636750240049071,256,256,1.0,3.330512712185983,1.0428440848934895,1.0196737659805555,True,2.056450128555298,conv2d,1.6120178904432054,2.278639169446989,0.31311818179760625,lpips_loss.net.slice3.14,2304,189.94994382178965,2304,134,1,9,0.20132563474734508,2.056450128555298,92.3678824904126,success,1.4340327978134155,0.0007249630871228874,,12,2.056450128555298,0.32054048776626587
143,Conv2d,0.06186775140582723,256,512,2.0,3.5069072065656433,1.1179148606314808,1.037751406963877,True,2.083411931991577,conv2d,1.8743514363128682,2.43937969585167,0.3187751470978522,lpips_loss.net.slice4.17,2304,275.029763802886,2304,144,0,9,0.20890893388047027,2.083411931991577,132.00930626329824,success,1.443402886390686,0.06634726375341415,,0,2.083411931991577,0.4264705777168274
145,Conv2d,0.03497225613654675,512,512,1.0,3.191804302705534,1.4264843443394433,1.155347702224741,True,2.7984721660614014,conv2d,1.9116952350849166,2.5008124352103778,0.4469209917194119,lpips_loss.net.slice4.19,4608,316.81988734796784,4608,240,2,9,0.14148035937540487,2.7984721660614014,113.2117343135356,success,1.672863483428955,0.0008056815713644028,,16,2.7984721660614014,0.27084648609161377
147,Conv2d,0.029484573750968135,512,512,1.0,3.2702829142256666,1.645155045102823,1.1572907383927675,True,3.184652090072632,conv2d,2.239619468193437,2.4987159668286343,0.5030619944061814,lpips_loss.net.slice4.21,4608,315.2941891674973,4608,264,1,9,0.13972625442847092,3.184652090072632,99.00428060897114,success,1.7845593690872192,0.0005530405323952436,,17,3.184652090072632,0.23867414891719818
151,Conv2d,0.05515690439716964,512,512,1.0,4.849577811868919,0.9930918447439194,1.162938923348838,True,1.6024298667907715,conv2d,1.597255230861369,2.549739700986542,0.2047790309320151,lpips_loss.net.slice5.24,4608,354.6007917753802,4608,58,1,9,0.5054743304924438,1.6024298667907715,221.28942996148,success,1.2658711671829224,0.0003706280258484185,,13,1.6024298667907715,0.5756005048751831
153,Conv2d,0.03754237195373364,512,512,1.0,3.4943334115153624,1.3451393644496903,1.1652140671603488,True,2.426323890686035,conv2d,1.9766834473996517,2.533394348922088,0.3849487744978386,lpips_loss.net.slice5.26,4608,341.5028629746933,4608,215,0,9,0.17011212674055523,2.426323890686035,140.74908312349612,success,1.5576661825180054,0.0007093578460626304,,17,2.426323890686035,0.2850627899169922
155,Conv2d,0.05066183061754015,512,512,1.0,3.5488367264944367,1.6999126442815293,1.1585328329852882,True,3.013044834136963,conv2d,2.5585592038198084,2.484854908520053,0.4790055940276277,lpips_loss.net.slice5.28,4608,305.39006788982016,4608,425,4,9,0.12363674171517781,3.013044834136963,101.35596537755939,success,1.7358124256134033,0.0004975199699401855,,15,3.013044834136963,0.18020135164260864
